cnpj;pdf_file_name;balance_date;balance_refers_to_date;ativo_total;ativo_circulante;ativo_nao_circulante;passivo_total;passivo_circulante;passivo_nao_circulante;patrimonio_liquido;receita_liquida;lucro_bruto;
802000100;DODF_2019_5_31_561060_2018.pdf;31-mai-19;31-dez-18;R$ 163.979.827,09;R$ 155.279.290,81;R$ 8.700.536,28;R$ 163.979.827,09;R$ 30.618.990,79;R$ 0;R$ 133.360.836,3;R$ 361.745.884,06;R$ 77.397.501,05;
17734000183;DOSC_2018_4_4_542126_2017.pdf;04-abr-18;31-dez-17;R$ 94.848.000;R$ 84.629.000;R$ 10.219.000;R$ 94.848.000;R$ 76.327.000;R$ 48.000;R$ 18.473.000;R$ 266.888.000;R$ 19.400.000;
17734000183;DOSC_2016_3_31_479021_2015.pdf;31-mar-16;31-dez-15;R$ 121.774.000;R$ 114.251.000;R$ 7.523.000;R$ 121.774.000;R$ 96.126.000;R$ 37.718.000;R$ -12.070.000;R$ 314.824.000;R$ 9.938.000;
21096000417;DOSP_2015_9_16_409663_2014.pdf;16-set-15;31-dez-14;R$ 902.922.000;R$ 269.910.000;R$ 633.012.000;R$ 902.922.000;R$ 61.965.000;R$ 523.128.000;R$ 317.829.000;R$ 429.315.000;R$ -54.677.000;
21096000417;DOSP_2019_4_25_558496_2018.pdf;25-abr-19;31-dez-18;R$ 916.642.000;R$ 254.824.000;R$ 661.818.000;R$ 916.642.000;R$ 56.890.000;R$ 15.379.000;R$ 844.373.000;R$ 344.507.000;R$ 33.980.000;
66446000119;DOSC_2017_5_24_531168_2016.pdf;24-mai-17;31-dez-16;R$ 8.455.360;R$ 8.399.152;R$ 56.208;R$ 8.455.360;R$ 4.489.362;R$ 0;R$ 3.965.998;R$ 3.724.271;R$ 3.724.271;
70112000119;DORJ_2015_1_5_383436_2013.pdf;05-jan-15;31-dez-12;R$ 92.527.000;R$ 76.152.000;R$ 16.375.000;R$ 92.527.000;R$ 51.115.000;R$ 20.804.000;R$ 20.608.000;R$ 306.783.000;R$ 25.308.000;
70112000119;DORJ_2017_7_12_532937_2016.pdf;12-jul-17;31-dez-16;R$ 116.445.000;R$ 109.341.000;R$ 7.104.000;R$ 116.445.000;R$ 79.375.000;R$ 8.760.000;R$ 28.310.000;R$ 343.493.000;R$ 46.988.000;
70112000119;DORJ_2016_6_30_513326_2015.pdf;30-jun-16;31-dez-15;R$ 108.148.000;R$ 98.080.000;R$ 10.068.000;R$ 108.148.000;R$ 67.977.000;R$ 15.952.000;R$ 24.219.000;R$ 373.981.000;R$ 58.833.000;
70112000119;DORJ_2015_10_1_370383_2014.pdf;01-out-15;31-dez-14;R$ 110.166.000;R$ 95.193.000;R$ 14.973.000;R$ 110.166.000;R$ 88.526.000;R$ 872.000;R$ 20.768.000;R$ 319.908.000;R$ 42.888.000;
70112000119;DORJ_2015_1_5_383436_2013.pdf;05-jan-15;31-dez-13;R$ 109.134.000;R$ 82.965.000;R$ 26.169.000;R$ 109.134.000;R$ 71.937.000;R$ 16.277.000;R$ 20.920.000;R$ 329.528.000;R$ 29.513.000;
73957000168;DOSC_2020_4_20_567975_2019.pdf;20-abr-20;31-dez-19;R$ 10.305.326.000;R$ 1.597.605.000;R$ 8.707.721.000;R$ 10.305.326.000;R$ 877.942.000;R$ 3.412.120.000;R$ 6.015.264.000;R$ 2.157.104.000;R$ 1.658.649.000;
73957000168;DOSC_2018_4_17_541675_2017.pdf;17-abr-18;31-dez-16;R$ 11.982.797.000;R$ 855.882.000;R$ 11.126.915.000;R$ 11.982.797.000;R$ 1.558.640.000;R$ 4.869.552.000;R$ 5.554.605.000;R$ 3.189.162.000;R$ 2.283.625.000;
73957000168;DOSC_2018_4_17_541675_2017.pdf;17-abr-18;31-dez-17;R$ 10.274.141.000;R$ 1.671.131.000;R$ 8.603.010.000;R$ 10.274.141.000;R$ 1.033.704.000;R$ 3.291.600.000;R$ 5.948.837.000;R$ 2.082.946.000;R$ 1.108.703.000;
73957000168;DOSC_2015_4_17_510128_2014.pdf;17-abr-15;31-dez-14;R$ 10.188.990.000;R$ 1.170.721.000;R$ 9.018.269.000;R$ 10.188.990.000;R$ 952.231.000;R$ 3.953.711.000;R$ 5.283.048.000;R$ 1.109.518.000;R$ 541.586.000;
198057000147;DOPR_2017_4_26_529160_2016.pdf;26-abr-17;31-dez-16;R$ 1.782.833.000;R$ 48.391.000;R$ 1.734.442.000;R$ 1.782.833.000;R$ 133.326.000;R$ 161.304.000;R$ 1.488.203.000;R$ 205.327.000;R$ 131.732.000;
198057000147;DOPR_2016_4_15_499324_2015.pdf;15-abr-16;31-dez-15;R$ 1.644.585.000;R$ 47.666.000;R$ 1.596.919.000;R$ 1.644.585.000;R$ 101.924.000;R$ 157.808.000;R$ 1.384.853.000;R$ 70.822.000;R$ 44.275.000;
198057000147;DOPR_2015_3_20_509015_2014.pdf;20-mar-15;31-dez-14;R$ 1.508.031.000;R$ 28.172.000;R$ 1.479.859.000;R$ 1.508.031.000;R$ 84.936.000;R$ 220.388.000;R$ 1.202.707.000;R$ 67.491.000;R$ 84.145.000;
198057000147;DOPR_2019_4_30_558471_2018.pdf;30-abr-19;31-dez-18;R$ 1.970.783.000;R$ 254.559.000;R$ 1.716.224.000;R$ 1.970.783.000;R$ 150.242.000;R$ 268.203.000;R$ 1.552.338.000;R$ 163.322.000;R$ 2.767.000;
198057000147;DOPR_2018_5_2_540615_2017.pdf;02-mai-18;31-dez-17;R$ 1.875.377.000;R$ 115.375.000;R$ 1.760.002.000;R$ 1.875.377.000;R$ 74.926.000;R$ 245.910.000;R$ 1.554.541.000;R$ 124.824.000;R$ 46.664.000;
546997000180;DOSP_2015_4_25_510110_2014.pdf;25-abr-15;31-dez-14;R$ 1.052.597.000;R$ 413.192.000;R$ 639.405.000;R$ 1.052.597.000;R$ 515.551.000;R$ 81.326.000;R$ 455.720.000;R$ 681.725.000;R$ 81.221.000;
546997000180;DOSP_2018_4_21_539139_2017.pdf;21-abr-18;31-dez-17;R$ 3.025.836.000;R$ 527.457.000;R$ 2.498.379.000;R$ 3.025.836.000;R$ 1.447.776.000;R$ 144.591.000;R$ 1.433.469.000;R$ 388.813.000;R$ 39.462.000;
556603000174;DOPR_2018_3_28_537734_2017.pdf;28-mar-18;31-dez-17;R$ 545.903.000;R$ 180.868.000;R$ 365.035.000;R$ 545.903.000;R$ 189.645.000;R$ 296.426.000;R$ 59.832.000;R$ 95.042.000;R$ 49.094.000;
556603000174;DOPR_2016_3_30_493072_2015.pdf;30-mar-16;31-dez-15;R$ 436.840.000;R$ 181.253.000;R$ 255.587.000;R$ 436.840.000;R$ 126.875.000;R$ 265.763.000;R$ 44.202.000;R$ 94.040.000;R$ 31.790.000;
556603000174;DOPR_2019_3_19_551257_2018.pdf;19-mar-19;31-dez-18;R$ 349.416.000;R$ 146.786.000;R$ 202.630.000;R$ 349.416.000;R$ 126.406.000;R$ 141.635.000;R$ 81.375.000;R$ 57.765.000;R$ 36.931.000;
556603000174;DOPR_2017_3_22_523904_2016.pdf;22-mar-17;31-dez-16;R$ 479.338.000;R$ 190.096.000;R$ 289.242.000;R$ 479.338.000;R$ 161.383.000;R$ 268.534.000;R$ 49.421.000;R$ 103.787.000;R$ 40.239.000;
556603000174;DOPR_2015_3_30_509398_2014.pdf;30-mar-15;31-dez-14;R$ 386.806.000;R$ 165.941.000;R$ 220.865.000;R$ 386.806.000;R$ 182.274.000;R$ 165.350.000;R$ 39.182.000;R$ 69.985.000;R$ 28.745.000;
556603000174;DOPR_2020_2_28_564656_2019.pdf;28-fev-20;31-dez-19;R$ 384.876.000;R$ 151.695.000;R$ 233.181.000;R$ 384.876.000;R$ 80.665.000;R$ 207.360.000;R$ 96.851.000;R$ 53.229.000;R$ 31.293.000;
585900000148;DOSP_2018_5_3_540541_2017.pdf;03-mai-18;31-dez-17;R$ 162.334.000;R$ 53.696.000;R$ 108.638.000;R$ 162.334.000;R$ 30.291.000;R$ 62.254.000;R$ 69.789.000;R$ 157.227.000;R$ 73.971.000;
585900000148;DOSP_2015_4_25_502741_2014.pdf;25-abr-15;31-dez-14;R$ 116.815.000;R$ 16.977.000;R$ 99.838.000;R$ 116.815.000;R$ 39.314.000;R$ 62.737.000;R$ 14.764.000;R$ 106.052.000;R$ 23.819.000;
585900000148;DOSP_2016_4_28_481085_2015.pdf;28-abr-16;31-dez-15;R$ 128.947.000;R$ 29.246.000;R$ 99.701.000;R$ 128.947.000;R$ 43.838.000;R$ 65.398.000;R$ 19.711.000;R$ 106.309.000;R$ 34.088.000;
585900000148;DOSP_2017_6_14_532091_2016.pdf;14-jun-17;31-dez-16;R$ 133.151.000;R$ 28.295.000;R$ 104.856.000;R$ 133.151.000;R$ 10.676.000;R$ 66.714.000;R$ 55.761.000;R$ 124.825.000;R$ 46.087.000;
585900000148;DOSP_2019_4_23_556565_2018.pdf;23-abr-19;31-dez-18;R$ 181.321.000;R$ 37.496.000;R$ 143.825.000;R$ 181.321.000;R$ 43.428.000;R$ 56.450.000;R$ 81.443.000;R$ 184.138.000;R$ 73.929.000;
588458000103;DOSP_2020_4_10_567574_2019.pdf;10-abr-20;31-dez-19;R$ 400.622.000;R$ 206.584.000;R$ 194.038.000;R$ 400.622.000;R$ 169.530.000;R$ 111.791.000;R$ 119.301.000;R$ 395.356.000;R$ 165.686.000;
588458000103;DOSP_2019_5_7_559036_2018.pdf;07-mai-19;31-dez-18;R$ 342.700.000;R$ 196.508.000;R$ 146.192.000;R$ 342.700.000;R$ 197.492.000;R$ 62.264.000;R$ 82.944.000;R$ 380.601.000;R$ 152.180.000;
588458000103;DOSP_2017_4_27_529186_2016.pdf;27-abr-17;31-dez-16;R$ 313.366.000;R$ 186.775.000;R$ 126.591.000;R$ 313.366.000;R$ 134.962.000;R$ 84.302.000;R$ 94.102.000;R$ 396.523.000;R$ 157.463.000;
588458000103;DOSP_2018_4_13_538687_2017.pdf;13-abr-18;31-dez-17;R$ 366.874.000;R$ 220.899.000;R$ 145.975.000;R$ 366.874.000;R$ 160.440.000;R$ 116.863.000;R$ 89.571.000;R$ 390.315.000;R$ 145.907.000;
588458000103;DOSP_2015_4_29_502450_2014.pdf;29-abr-15;31-dez-13;R$ 275.907.000;R$ 149.731.000;R$ 126.176.000;R$ 275.907.000;R$ 95.384.000;R$ 103.789.000;R$ 76.734.000;R$ 291.734.000;R$ 147.103.000;
588458000103;DOSP_2015_4_29_502450_2014.pdf;29-abr-15;31-dez-14;R$ 291.496.000;R$ 168.793.000;R$ 122.703.000;R$ 291.496.000;R$ 113.721.000;R$ 103.514.000;R$ 74.261.000;R$ 312.664.000;R$ 129.764.000;
588458000103;DOSP_2017_4_27_529186_2016.pdf;27-abr-17;31-dez-15;R$ 311.098.000;R$ 185.172.000;R$ 125.926.000;R$ 311.098.000;R$ 129.137.000;R$ 91.523.000;R$ 90.438.000;R$ 349.288.000;R$ 151.428.000;
595322000120;DOGO_2017_4_25_528674_2016.pdf;25-abr-17;31-dez-16;R$ 232.219.449;R$ 89.119.858;R$ 143.099.591;R$ 232.219.449;R$ 86.136.272;R$ 307.014.030;R$ -160.930.853;R$ 123.963.918;R$ 22.198.170;
595322000120;DOGO_2017_4_25_528674_2016.pdf;25-abr-17;31-dez-15;R$ 216.491.662;R$ 71.668.338;R$ 144.823.324;R$ 216.491.662;R$ 92.014.828;R$ 302.416.479;R$ -177.939.645;R$ 120.564.065;R$ 20.899.018;
595322000120;DOGO_2015_6_9_296542_2014.pdf;09-jun-15;31-dez-13;R$ 161.809.110;R$ 41.680.612;R$ 120.128.498;R$ 161.809.110;R$ 82.870.886;R$ 328.830.856;R$ -249.892.632;R$ 97.499.731;R$ -11.411.008;
595322000120;DOGO_2015_6_9_296542_2014.pdf;09-jun-15;31-dez-14;R$ 181.248.435;R$ 65.855.814;R$ 115.392.621;R$ 181.248.435;R$ 87.484.736;R$ 260.558.704;R$ -166.795.005;R$ 126.727.842;R$ 16.125.168;
609634000146;DOSP_2018_4_18_539292_2017.pdf;18-abr-18;31-dez-17;R$ 223.207.000;R$ 160.422.000;R$ 62.785.000;R$ 223.207.000;R$ 98.726.000;R$ 41.168.000;R$ 83.313.000;R$ 452.358.000;R$ 138.108.000;
609634000146;DOSP_2019_4_11_554738_2018.pdf;11-abr-19;31-dez-18;R$ 296.013.000;R$ 231.407.000;R$ 64.606.000;R$ 296.013.000;R$ 141.540.000;R$ 31.695.000;R$ 122.778.000;R$ 588.333.000;R$ 210.295.000;
609634000146;DOSP_2016_4_27_481255_2015.pdf;27-abr-16;31-dez-15;R$ 145.993.000;R$ 110.421.000;R$ 35.572.000;R$ 145.993.000;R$ 77.137.000;R$ 8.605.000;R$ 60.251.000;R$ 329.636.000;R$ 86.083.000;
609634000146;DOSP_2017_4_27_529238_2016.pdf;27-abr-17;31-dez-16;R$ 180.426.000;R$ 133.167.000;R$ 47.259.000;R$ 180.426.000;R$ 85.115.000;R$ 31.977.000;R$ 63.334.000;R$ 378.163.000;R$ 101.272.000;
609634000146;DOSP_2016_4_27_481255_2015.pdf;27-abr-16;31-dez-14;R$ 109.256.000;R$ 83.412.000;R$ 25.844.000;R$ 109.256.000;R$ 54.103.000;R$ 14.850.000;R$ 40.303.000;R$ 221.244.000;R$ 58.338.000;
625711000151;DOES_2016_4_12_521796_2015.pdf;12-abr-16;31-dez-15;R$ 153.405.000;R$ 48.794.000;R$ 104.611.000;R$ 153.405.000;R$ 54.143.000;R$ 40.997.000;R$ 58.265.000;R$ 190.358.000;R$ 112.367.000;
625711000151;DOES_2019_4_3_553831_2018.pdf;03-abr-19;31-dez-18;R$ 242.241.000;R$ 89.846.000;R$ 152.395.000;R$ 242.241.000;R$ 132.752.000;R$ 94.522.000;R$ 14.967.000;R$ 282.664.000;R$ 161.846.000;
625711000151;DOES_2018_3_16_540660_2017.pdf;16-mar-18;31-dez-17;R$ 189.230.000;R$ 66.596.000;R$ 122.634.000;R$ 189.230.000;R$ 66.475.000;R$ 78.113.000;R$ 44.642.000;R$ 263.652.000;R$ 152.367.000;
635391000110;DOGO_2016_6_27_513254_2015.pdf;27-jun-16;31-dez-15;R$ 42.028.107;R$ 18.958.566;R$ 23.069.541;R$ 42.028.107;R$ 9.309.767;R$ 2.752.376;R$ 29.965.964;R$ 33.565.478;R$ 17.120.136;
649990000193;DORJ_2017_7_25_533323_2016.pdf;25-jul-17;31-dez-16;R$ 635.943.000;R$ 90.687.000;R$ 545.256.000;R$ 635.943.000;R$ 122.329.000;R$ 305.418.000;R$ 208.196.000;R$ 253.721.000;R$ 14.023.000;
649990000193;DORJ_2016_7_14_517102_2015.pdf;14-jul-16;31-dez-15;R$ 651.858.000;R$ 105.627.000;R$ 546.231.000;R$ 651.858.000;R$ 121.520.000;R$ 283.880.000;R$ 246.458.000;R$ 334.548.000;R$ 61.300.000;
649990000193;DORJ_2018_7_5_545867_2017.pdf;05-jul-18;31-dez-17;R$ 627.704.000;R$ 91.139.000;R$ 536.565.000;R$ 627.704.000;R$ 98.157.000;R$ 351.139.000;R$ 178.408.000;R$ 206.975.000;R$ 11.624.000;
649990000193;DORJ_2019_10_2_563359_2018.pdf;02-out-19;31-dez-18;R$ 589.657.000;R$ 76.610.000;R$ 513.047.000;R$ 589.657.000;R$ 81.025.000;R$ 359.347.000;R$ 149.285.000;R$ 254.405.000;R$ 23.374.000;
649990000193;DORJ_2015_7_8_511180_2014.pdf;08-jul-15;31-dez-14;R$ 641.254.000;R$ 117.763.000;R$ 523.491.000;R$ 641.254.000;R$ 136.289.000;R$ 238.215.000;R$ 266.750.000;R$ 316.998.000;R$ 75.515.000;
679427000168;DOSP_2015_1_27_508761_2014.pdf;27-jan-15;31-dez-14;R$ 164.606.000;R$ 92.011.000;R$ 72.595.000;R$ 164.606.000;R$ 43.682.000;R$ 18.162.000;R$ 102.762.000;R$ 185.258.000;R$ 68.787.000;
716185000135;DOMG2_2016_4_30_482763_2015.pdf;30-abr-16;31-dez-15;R$ 29.569.924,01;R$ 84.043,83;R$ 29.485.880,18;R$ 29.569.924,01;R$ 217.730,48;R$ 0;R$ 29.352.193,53;R$ 196.136,96;R$ 171.909,82;
716185000135;DOMG2_2015_4_28_504210_2014.pdf;28-abr-15;31-dez-14;R$ 33.775.991,16;R$ 59.144,56;R$ 33.716.846,6;R$ 33.775.991,16;R$ 215.499,17;R$ 0;R$ 33.560.491,99;R$ 138.501,8;R$ 122.344,48;
742204000106;DORJ_2015_3_31_481686_2014.pdf;31-mar-15;31-dez-14;R$ 286.910.000;R$ 478.000;R$ 286.432.000;R$ 286.910.000;R$ 11.000;R$ 0;R$ 286.899.000;R$ 75.252.000;;
753622000190;DOSP_2019_4_25_556872_2018.pdf;25-abr-19;31-dez-18;R$ 14.426.000;R$ 12.816.000;R$ 1.610.000;R$ 14.426.000;R$ 4.604.000;R$ 4.806.000;R$ 5.016.000;R$ 27.789.000;R$ 6.695.000;
753622000190;DOSP_2016_5_11_504896_2015.pdf;11-mai-16;31-dez-15;R$ 23.609.000;R$ 20.710.000;R$ 2.899.000;R$ 23.609.000;R$ 9.004.000;R$ 8.887.000;R$ 5.718.000;R$ 36.475.000;R$ 12.898.000;
753622000190;DOSP_2018_4_21_539185_2017.pdf;21-abr-18;31-dez-17;R$ 21.211.000;R$ 18.714.000;R$ 2.497.000;R$ 21.211.000;R$ 12.107.000;R$ 3.375.000;R$ 5.729.000;R$ 40.567.000;R$ 11.819.000;
753622000190;DOSP_2017_4_28_529981_2016.pdf;28-abr-17;31-dez-16;R$ 21.252.000;R$ 18.998.000;R$ 2.254.000;R$ 21.252.000;R$ 9.434.000;R$ 3.691.000;R$ 8.127.000;R$ 25.327.000;R$ 10.706.000;
753622000190;DOSP_2015_4_23_501791_2014.pdf;23-abr-15;31-dez-14;R$ 27.463.000;R$ 22.320.000;R$ 5.143.000;R$ 27.463.000;R$ 12.648.000;R$ 11.060.000;R$ 3.755.000;R$ 52.303.000;R$ 11.260.000;
763251000128;DOSC_2016_3_30_516555_2015.pdf;30-mar-16;31-dez-15;R$ 197.775.000;R$ 103.168.000;R$ 94.607.000;R$ 197.775.000;R$ 12.295.000;R$ 60.404.000;R$ 125.076.000;R$ 185.022.000;R$ 55.149.000;
763251000128;DOSC_2015_7_1_423231_2014.pdf;01-jul-15;31-dez-14;R$ 183.626.000;R$ 75.805.000;R$ 107.821.000;R$ 183.626.000;R$ 12.497.000;R$ 71.823.000;R$ 99.306.000;R$ 171.623.000;R$ 41.706.000;
763251000128;DOSC_2019_4_29_558689_2018.pdf;29-abr-19;31-dez-17;R$ 274.943.000;R$ 149.663.000;R$ 125.280.000;R$ 274.943.000;R$ 18.020.000;R$ 58.672.000;R$ 198.251.000;R$ 222.020.000;R$ 68.289.000;
763251000128;DOSC_2017_9_29_535041_2016.pdf;29-set-17;31-dez-16;R$ 253.513.000;R$ 131.181.000;R$ 122.332.000;R$ 253.513.000;R$ 25.072.000;R$ 57.223.000;R$ 171.218.000;R$ 206.627.000;R$ 53.728.000;
763251000128;DOSC_2019_4_29_558689_2018.pdf;29-abr-19;31-dez-18;R$ 339.117.000;R$ 108.043.000;R$ 231.074.000;R$ 339.117.000;R$ 30.096.000;R$ 76.315.000;R$ 232.706.000;R$ 245.589.000;R$ 55.112.000;
763832000160;DOMG2_2015_4_18_503919_2014.pdf;18-abr-15;31-dez-14;R$ 107.166.559;R$ 58.496.745;R$ 48.669.814;R$ 107.166.559;R$ 60.847.154;R$ 12.229.432;R$ 34.089.973;R$ 231.132.712;R$ 40.574.351;
763832000160;DOMG2_2019_4_26_560310_2018.pdf;26-abr-19;31-dez-18;R$ 187.789.466;R$ 115.066.120;R$ 72.723.346;R$ 187.789.466;R$ 76.865.528;R$ 28.315.365;R$ 82.608.573;R$ 386.560.981;R$ 78.485.260;
763832000160;DOMG2_2017_4_21_528150_2016.pdf;21-abr-17;31-dez-16;R$ 143.796.252;R$ 95.993.231;R$ 47.803.021;R$ 143.796.252;R$ 89.393.752;R$ 8.585.021;R$ 45.817.479;R$ 330.703.844;R$ 70.733.847;
763832000160;DOMG2_2016_4_16_516679_2015.pdf;16-abr-16;31-dez-15;R$ 133.287.565;R$ 85.883.083;R$ 47.404.482;R$ 133.287.565;R$ 83.569.322;R$ 10.791.162;R$ 38.927.081;R$ 275.124.254;R$ 56.128.259;
763832000160;DOMG2_2018_4_20_542877_2017.pdf;20-abr-18;31-dez-17;R$ 133.556.909;R$ 78.978.700;R$ 54.578.209;R$ 133.556.909;R$ 64.754.080;R$ 9.490.478;R$ 59.312.351;R$ 389.853.655;R$ 90.554.905;
763832000160;DOMG2_2015_4_18_503919_2014.pdf;18-abr-15;31-dez-13;R$ 97.132.858;R$ 52.712.649;R$ 44.420.209;R$ 97.132.858;R$ 52.916.310;R$ 11.125.368;R$ 33.091.180;R$ 198.346.709;R$ 33.671.190;
771979000100;DORJ_2017_5_3_530451_2016.pdf;03-mai-17;31-dez-16;R$ 3.345.780.000;R$ 421.097.000;R$ 2.924.683.000;R$ 3.345.780.000;R$ 237.986.000;R$ 512.940.000;R$ 2.594.854.000;R$ 423.242.000;R$ 35.203.000;
771979000100;DORJ_2019_7_8_561702_2018.pdf;08-jul-19;31-dez-18;R$ 3.310.488.000;R$ 1.134.281.000;R$ 2.176.207.000;R$ 3.310.488.000;R$ 620.162.000;R$ 70.008.000;R$ 2.620.318.000;R$ 707.641.000;R$ 182.176.000;
1645738000179;DOSP_2016_5_7_499165_2015.pdf;07-mai-16;31-dez-15;R$ 980.113.000;R$ 616.718.000;R$ 363.395.000;R$ 980.113.000;R$ 462.611.000;R$ 387.205.000;R$ 130.297.000;R$ 739.740.000;R$ -154.059.000;
1672223000168;DOGO_2019_3_21_551409_2018.pdf;21-mar-19;31-dez-18;R$ 1.673.539.000;R$ 1.178.911.000;R$ 494.628.000;R$ 1.673.539.000;R$ 958.288.000;R$ 37.803.000;R$ 677.448.000;R$ 1.971.166.000;R$ 352.557.000;
1672223000168;DOGO_2015_4_24_500918_2014.pdf;24-abr-15;31-dez-14;R$ 894.303.000;R$ 216.059.000;R$ 678.244.000;R$ 894.303.000;R$ 172.570.000;R$ 78.189.000;R$ 643.544.000;R$ 638.932.000;R$ 272.957.000;
1672223000168;DOGO_2016_4_18_500457_2015.pdf;18-abr-16;31-dez-15;R$ 900.474.000;R$ 261.733.000;R$ 638.741.000;R$ 900.474.000;R$ 204.895.000;R$ 79.471.000;R$ 616.108.000;R$ 466.445.000;R$ 290.999.000;
1672223000168;DOGO_2018_4_9_543248_2017.pdf;09-abr-18;31-dez-17;R$ 1.337.681.000;R$ 783.783.000;R$ 553.898.000;R$ 1.337.681.000;R$ 734.055.000;R$ 52.762.000;R$ 550.864.000;R$ 1.602.826.000;R$ 324.581.000;
1672223000168;DOGO_2017_3_27_524352_2016.pdf;27-mar-17;31-dez-16;R$ 1.056.168.000;R$ 458.024.000;R$ 598.144.000;R$ 1.056.168.000;R$ 382.924.000;R$ 67.624.000;R$ 605.620.000;R$ 993.423.000;R$ 384.133.000;
1691041000134;DOPR_2016_9_14_515800_2016.pdf;14-set-16;31-dez-16;R$ 59.503.000;R$ 16.986.000;R$ 42.517.000;R$ 59.503.000;R$ 5.497.000;R$ 10.848.000;R$ 43.158.000;R$ 93.475.000;R$ 21.666.000;
1691041000134;DOPR_2015_3_18_508429_2014.pdf;18-mar-15;31-dez-14;R$ 60.418.000;R$ 14.342.000;R$ 46.076.000;R$ 60.418.000;R$ 20.320.000;R$ 6.813.000;R$ 33.285.000;R$ 84.145.000;R$ 20.507.000;
1691041000134;DOPR_2016_3_16_456161_2015.pdf;16-mar-16;31-dez-15;R$ 72.869.000;R$ 25.526.000;R$ 47.343.000;R$ 72.869.000;R$ 17.585.000;R$ 9.606.000;R$ 45.678.000;R$ 103.650.000;R$ 35.147.000;
1691041000134;DOPR_2018_3_27_537746_2017.pdf;27-mar-18;31-dez-17;R$ 87.715.000;R$ 47.339.000;R$ 40.376.000;R$ 87.715.000;R$ 24.426.000;R$ 11.798.000;R$ 51.491.000;R$ 81.110.000;R$ 39.115.000;
1695370000153;DORJ_2019_3_25_551728_2018.pdf;25-mar-19;31-dez-17;R$ 971.521.000;R$ 266.330.000;R$ 705.191.000;R$ 971.521.000;R$ 223.070.000;R$ 362.677.000;R$ 385.774.000;R$ 2.392.411.000;R$ 254.442.000;
1695370000153;DORJ_2020_3_30_566107_2019.pdf;30-mar-20;31-dez-19;R$ 1.037.482.000;R$ 348.999.000;R$ 688.483.000;R$ 1.037.482.000;R$ 485.951.000;R$ 179.547.000;R$ 371.984.000;R$ 2.733.385.000;R$ 273.863.000;
1695370000153;DORJ_2019_3_25_551728_2018.pdf;25-mar-19;31-dez-18;R$ 986.087.000;R$ 275.979.000;R$ 710.108.000;R$ 986.087.000;R$ 408.517.000;R$ 206.892.000;R$ 370.678.000;R$ 2.115.343.000;R$ 234.920.000;
1695370000153;DORJ_2015_3_25_479844_2014.pdf;25-mar-15;31-dez-14;R$ 962.173.000;R$ 370.639.000;R$ 591.534.000;R$ 962.173.000;R$ 442.241.000;R$ 245.504.000;R$ 274.428.000;R$ 2.983.966.000;R$ 234.059.000;
1695370000153;DORJ_2017_3_28_524598_2016.pdf;28-mar-17;31-dez-16;R$ 861.163.000;R$ 220.701.000;R$ 640.462.000;R$ 861.163.000;R$ 254.701.000;R$ 275.831.000;R$ 330.631.000;R$ 1.832.031.000;R$ 198.398.000;
1695370000153;DORJ_2016_3_28_462552_2015.pdf;28-mar-16;31-dez-15;R$ 962.025.000;R$ 352.899.000;R$ 609.126.000;R$ 962.025.000;R$ 469.229.000;R$ 201.040.000;R$ 291.756.000;R$ 3.061.380.000;R$ 240.114.000;
1715975000169;DOPR_2017_4_28_530155_2016.pdf;28-abr-17;31-dez-16;R$ 69.133.000;R$ 27.439.000;R$ 41.694.000;R$ 69.133.000;R$ 18.271.000;R$ 10.943.000;R$ 39.919.000;R$ 87.427.000;R$ 19.429.000;
1715975000169;DOPR_2015_4_27_507730_2014.pdf;27-abr-15;31-dez-14;R$ 45.378.000;R$ 17.225.000;R$ 28.153.000;R$ 45.378.000;R$ 12.248.000;R$ 5.615.000;R$ 27.515.000;R$ 63.471.000;R$ 1.922.000;
1715975000169;DOPR_2016_4_12_480591_2015.pdf;12-abr-16;31-dez-15;R$ 57.206.000;R$ 19.862.000;R$ 37.344.000;R$ 57.206.000;R$ 17.565.000;R$ 10.772.000;R$ 28.869.000;R$ 73.834.000;R$ 12.000.000;
1715975000169;DOPR_2019_4_30_558439_2018.pdf;30-abr-19;31-dez-18;R$ 79.460.000;R$ 39.883.000;R$ 39.577.000;R$ 79.460.000;R$ 16.376.000;R$ 3.195.000;R$ 59.889.000;R$ 107.920.000;R$ 22.803.000;
1715975000169;DOPR_2018_4_23_539790_2017.pdf;23-abr-18;31-dez-17;R$ 66.381.000;R$ 30.021.000;R$ 36.360.000;R$ 66.381.000;R$ 15.500.000;R$ 3.230.000;R$ 47.651.000;R$ 88.496.000;R$ 16.413.000;
1722256000175;DOSP_2016_7_15_516575_2015.pdf;15-jul-16;31-dez-15;R$ 266.195.000;R$ 153.071.000;R$ 113.124.000;R$ 266.195.000;R$ 65.828.000;R$ 33.184.000;R$ 167.183.000;R$ 275.241.000;R$ 58.403.000;
1722256000175;DOSP_2016_7_15_516575_2015.pdf;15-jul-16;31-dez-14;R$ 233.708.000;R$ 121.039.000;R$ 112.669.000;R$ 233.708.000;R$ 53.168.000;R$ 34.358.000;R$ 146.182.000;R$ 379.562.000;R$ 78.808.000;
1722256000175;DOSP_2017_4_4_526622_2016.pdf;04-abr-17;31-dez-16;R$ 262.862.000;R$ 144.553.000;R$ 118.309.000;R$ 262.862.000;R$ 45.675.000;R$ 31.204.000;R$ 185.983.000;R$ 425.508.000;R$ 106.007.000;
1753491000104;DOSP_2020_3_5_565240_2019.pdf;05-mar-20;31-dez-19;R$ 163.295.072,83;R$ 49.524.814,03;R$ 113.770.258,8;R$ 163.295.072,83;R$ 40.490.171,65;R$ 141.896.755,94;R$ -19.091.854,76;R$ 209.442.232,66;R$ 17.021.001,69;
1753491000104;DOSP_2015_3_24_487073_2014.pdf;24-mar-15;31-dez-14;R$ 173.903.722,86;R$ 47.897.924,42;R$ 126.005.798,44;R$ 173.903.722,86;R$ 44.193.489,49;R$ 93.787.456,01;R$ 35.922.777,36;R$ 224.798.646,61;R$ 35.738.825,03;
1753491000104;DOSP_2017_3_16_523437_2016.pdf;16-mar-17;31-dez-16;R$ 171.955.357,52;R$ 29.449.884,51;R$ 142.505.473,01;R$ 171.955.357,52;R$ 51.190.290,87;R$ 123.611.997,99;R$ -2.846.931,34;R$ 134.411.102,79;R$ 7.496.115,98;
1753491000104;DOSP_2018_3_15_536789_2017.pdf;15-mar-18;31-dez-17;R$ 182.556.842,53;R$ 46.357.845,68;R$ 136.198.996,85;R$ 182.556.842,53;R$ 37.992.592,25;R$ 154.018.918,19;R$ -9.454.667,91;R$ 172.518.429,74;R$ 23.060.732,38;
1753491000104;DOSP_2020_3_5_565240_2019.pdf;05-mar-20;31-dez-18;R$ 179.664.510,4;R$ 6.739.954,77;R$ 172.924.555,63;R$ 179.664.510,4;R$ 35.028.736,69;R$ 152.174.840,14;R$ -7.539.066,43;R$ 198.160.998,96;R$ 29.266.360,88;
1753491000104;DOSP_2016_3_17_510335_2015.pdf;17-mar-16;31-dez-15;R$ 162.498.634,17;R$ 24.762.938,97;R$ 137.735.695,2;R$ 162.498.634,17;R$ 71.051.584,71;R$ 79.956.449,46;R$ 11.490.600;R$ 147.834.647,52;R$ -893.779,43;
1763720000171;DOSC_2017_5_29_531533_2016.pdf;29-mai-17;31-dez-16;R$ 246.393.295;R$ 196.139.219;R$ 50.254.076;R$ 246.393.295;R$ 62.093.765;R$ 93.941.583;R$ 90.357.947;R$ 148.817.950;R$ 56.596.119;
1763720000171;DOSC_2016_5_11_500431_2015.pdf;11-mai-16;31-dez-15;R$ 238.711.061;R$ 215.050.960;R$ 23.660.101;R$ 238.711.061;R$ 88.230.337;R$ 100.750.187;R$ 49.730.537;R$ 153.462.247;R$ 60.573.002;
1763720000171;DOSC_2018_5_11_544031_2017.pdf;11-mai-18;31-dez-17;R$ 280.195.551;R$ 188.005.656;R$ 92.189.895;R$ 280.195.551;R$ 32.548.560;R$ 117.776.037;R$ 129.870.954;R$ 176.607.969;R$ 81.733.500;
1763720000171;DOSC_2020_4_13_566990_2019.pdf;13-abr-20;31-dez-19;R$ 495.742.990;R$ 305.892.383;R$ 189.850.607;R$ 495.742.990;R$ 118.111.997;R$ 160.969.099;R$ 216.661.894;R$ 315.862.474;R$ 95.337.103;
1763720000171;DOSC_2019_4_30_559983_2018.pdf;30-abr-19;31-dez-18;R$ 358.291.552;R$ 246.439.275;R$ 111.852.277;R$ 358.291.552;R$ 62.092.561;R$ 128.652.765;R$ 167.546.226;R$ 202.228.873;R$ 76.768.996;
1763720000171;DOSC_2015_6_24_513902_2014.pdf;24-jun-15;31-dez-14;R$ 203.143.800,97;R$ 184.650.225,57;R$ 18.493.575,4;R$ 203.143.800,97;R$ 65.848.289,72;R$ 105.493.347,69;R$ 31.802.163,56;R$ 158.117.786,35;R$ 81.299.238,4;
1800019000185;DORS_2020_3_24_566170_2019.pdf;24-mar-20;31-dez-19;R$ 492.096.000;R$ 384.687.000;R$ 107.409.000;R$ 492.096.000;R$ 147.507.000;R$ 246.219.000;R$ 98.370.000;R$ 304.880.000;R$ 172.687.000;
1800019000185;DORS_2015_3_13_507846_2014.pdf;13-mar-15;31-dez-14;R$ 204.732.000;R$ 152.606.000;R$ 52.126.000;R$ 204.732.000;R$ 86.309.000;R$ 93.521.000;R$ 24.902.000;R$ 124.627.000;R$ 69.267.000;
1800019000185;DORS_2019_3_28_553185_2018.pdf;28-mar-19;31-dez-17;R$ 310.453.000;R$ 253.032.000;R$ 57.421.000;R$ 310.453.000;R$ 107.086.000;R$ 142.927.000;R$ 60.440.000;R$ 218.090.000;R$ 129.917.000;
1800019000185;DORS_2017_3_22_523882_2016.pdf;22-mar-17;31-dez-16;R$ 285.407.000;R$ 232.030.000;R$ 53.377.000;R$ 285.407.000;R$ 106.634.000;R$ 138.837.000;R$ 39.936.000;R$ 169.891.000;R$ 90.447.000;
1800019000185;DORS_2019_3_28_553185_2018.pdf;28-mar-19;31-dez-18;R$ 400.501.000;R$ 332.032.000;R$ 68.469.000;R$ 400.501.000;R$ 140.825.000;R$ 175.298.000;R$ 84.378.000;R$ 255.375.000;R$ 152.092.000;
1800019000185;DORS_2016_3_28_462863_2015.pdf;28-mar-16;31-dez-15;R$ 228.197.000;R$ 167.566.000;R$ 60.631.000;R$ 228.197.000;R$ 83.623.000;R$ 114.398.000;R$ 30.176.000;R$ 137.807.000;R$ 71.259.000;
1808716000182;DOGO_2019_5_23_559857_2018.pdf;23-mai-19;31-dez-18;R$ 1.024.302.000;R$ 226.804.000;R$ 797.498.000;R$ 1.024.302.000;R$ 224.506.000;R$ 531.651.000;R$ 268.145.000;R$ 525.856.000;R$ 205.717.000;
1808716000182;DOGO_2018_3_28_538215_2017.pdf;28-mar-18;31-dez-17;R$ 813.559.000;R$ 254.934.000;R$ 558.625.000;R$ 813.559.000;R$ 152.405.000;R$ 421.764.000;R$ 239.390.000;R$ 303.397.000;R$ 155.755.000;
1808716000182;DOGO_2017_3_30_525123_2016.pdf;30-mar-17;31-dez-16;R$ 709.590.000;R$ 149.347.000;R$ 560.243.000;R$ 709.590.000;R$ 140.996.000;R$ 338.014.000;R$ 230.580.000;R$ 272.483.000;R$ 125.052.000;
1808716000182;DOGO_2016_5_16_512322_2015.pdf;16-mai-16;31-dez-15;R$ 676.494.000;R$ 134.534.000;R$ 541.960.000;R$ 676.494.000;R$ 127.562.000;R$ 322.485.000;R$ 226.447.000;R$ 246.044.000;R$ 119.660.000;
1808716000182;DOGO_2015_4_30_405287_2014.pdf;30-abr-15;31-dez-14;R$ 642.276.000;R$ 129.889.000;R$ 512.387.000;R$ 642.276.000;R$ 123.059.000;R$ 305.562.000;R$ 213.655.000;R$ 234.746.000;R$ 117.329.000;
1827177000129;DOPR_2015_5_20_513682_2014.pdf;20-mai-15;31-dez-14;R$ 376.989.000;R$ 185.164.000;R$ 191.825.000;R$ 376.989.000;R$ 233.061.000;R$ 79.310.000;R$ 64.618.000;R$ 448.890.000;R$ 70.740.000;
1827177000129;DOPR_2015_5_20_513682_2014.pdf;20-mai-15;31-dez-13;R$ 340.967.000;R$ 189.162.000;R$ 151.805.000;R$ 340.967.000;R$ 175.684.000;R$ 75.080.000;R$ 90.203.000;R$ 496.049.000;R$ 107.216.000;
1828436000136;DOSP_2020_4_9_567524_2019.pdf;09-abr-20;31-dez-19;R$ 1.155.432.000;R$ 393.396.000;R$ 762.036.000;R$ 1.155.432.000;R$ 88.083.000;R$ 11.000.000;R$ 1.056.349.000;R$ 166.376.000;R$ 165.856.000;
1828436000136;DOSP_2016_4_15_499236_2015.pdf;15-abr-16;31-dez-15;R$ 686.520.000;R$ 123.886.000;R$ 562.634.000;R$ 686.520.000;R$ 44.920.000;R$ 9.000.000;R$ 632.600.000;R$ 92.455.000;R$ 92.455.000;
1828436000136;DOSP_2017_4_13_527074_2016.pdf;13-abr-17;31-dez-16;R$ 787.413.000;R$ 183.923.000;R$ 603.490.000;R$ 787.413.000;R$ 63.855.000;R$ 9.000.000;R$ 714.558.000;R$ 117.676.000;R$ 117.676.000;
1828436000136;DOSP_2015_6_9_517777_2014.pdf;09-jun-15;31-dez-13;R$ 513.616.000;R$ 65.057.000;R$ 448.559.000;R$ 513.616.000;R$ 31.776.000;R$ 223.000;R$ 481.617.000;R$ 69.431.000;R$ 69.431.000;
1828436000136;DOSP_2015_6_9_517777_2014.pdf;09-jun-15;31-dez-14;R$ 570.605.000;R$ 49.427.000;R$ 521.178.000;R$ 570.605.000;R$ 7.676.000;R$ 223.000;R$ 562.706.000;R$ 75.416.000;R$ 75.416.000;
1828436000136;DOSP_2019_4_10_554455_2018.pdf;10-abr-19;31-dez-18;R$ 1.030.967.000;R$ 310.809.000;R$ 720.158.000;R$ 1.030.967.000;R$ 87.065.000;R$ 9.000.000;R$ 934.902.000;R$ 153.424.000;R$ 153.424.000;
1828436000136;DOSP_2018_4_13_538666_2017.pdf;13-abr-18;31-dez-17;R$ 907.314.000;R$ 251.259.000;R$ 656.055.000;R$ 907.314.000;R$ 75.561.000;R$ 9.000.000;R$ 822.753.000;R$ 146.518.000;R$ 146.046.000;
1844555000182;DOMG2_2015_3_6_508630_2014.pdf;06-mar-15;31-dez-14;R$ 3.436.209.000;R$ 2.488.462.000;R$ 947.747.000;R$ 3.436.209.000;R$ 2.708.102.000;R$ 552.802.000;R$ 175.305.000;R$ 3.617.070.000;R$ 174.889.000;
1857539000124;DOSP_2019_2_28_550560_2018.pdf;28-fev-19;31-dez-18;R$ 2.314.658.000;R$ 2.297.459.000;R$ 17.199.000;R$ 2.314.658.000;R$ 1.717.296.000;R$ 109.922.000;R$ 487.440.000;R$ 591.658.000;R$ 53.695.000;
1857539000124;DOSP_2018_2_28_536415_2017.pdf;28-fev-18;31-dez-17;R$ 2.062.638.000;R$ 2.047.832.000;R$ 14.806.000;R$ 2.062.638.000;R$ 1.526.763.000;R$ 89.198.000;R$ 446.677.000;R$ 431.541.000;R$ 204.858.000;
1857539000124;DOSP_2020_2_21_565344_2019.pdf;21-fev-20;31-dez-19;R$ 2.456.790.000;R$ 2.433.539.000;R$ 23.251.000;R$ 2.456.790.000;R$ 1.828.803.000;R$ 128.862.000;R$ 499.125.000;R$ 777.308.000;R$ 166.819.000;
1857539000124;DOSP_2016_2_26_493835_2015.pdf;26-fev-16;31-dez-15;R$ 1.819.384.000;R$ 1.778.240.000;R$ 41.144.000;R$ 1.819.384.000;R$ 1.456.111.000;R$ 50.276.000;R$ 312.997.000;R$ 373.918.000;;
1857539000124;DOSP_2015_2_26_508653_2014.pdf;26-fev-15;31-dez-14;R$ 1.460.766.000;R$ 1.416.875.000;R$ 43.891.000;R$ 1.460.766.000;R$ 1.103.672.000;R$ 54.791.000;R$ 302.303.000;R$ 285.380.000;;
1857539000124;DOSP_2017_2_24_522565_2016.pdf;24-fev-17;31-dez-16;R$ 2.011.691.000;R$ 1.982.158.000;R$ 29.533.000;R$ 2.011.691.000;R$ 1.586.925.000;R$ 52.718.000;R$ 372.048.000;R$ 467.669.000;R$ 118.192.000;
1878512000118;DOSP_2016_4_12_482993_2015.pdf;12-abr-16;31-dez-15;R$ 225.006.000;R$ 209.000;R$ 224.797.000;R$ 225.006.000;R$ 39.000;R$ 0;R$ 224.967.000;;;
1878512000118;DOSP_2015_4_24_501568_2014.pdf;24-abr-15;31-dez-14;R$ 251.710.000;R$ 1.249.000;R$ 250.461.000;R$ 251.710.000;R$ 488.000;R$ 0;R$ 251.222.000;R$ 164.473.000;;
1878512000118;DOSP_2017_4_12_527351_2016.pdf;12-abr-17;31-dez-16;R$ 245.460.000;R$ 986.000;R$ 244.474.000;R$ 245.460.000;R$ 272.000;R$ 0;R$ 245.188.000;;;
1878512000118;DOSP_2019_4_5_554004_2018.pdf;05-abr-19;31-dez-17;R$ 579.746.000;R$ 3.321.000;R$ 576.425.000;R$ 579.746.000;R$ 1.370.000;R$ 0;R$ 578.376.000;;;
1878512000118;DOSP_2019_4_5_554004_2018.pdf;05-abr-19;31-dez-18;R$ 671.165.000;R$ 18.980.000;R$ 652.185.000;R$ 671.165.000;R$ 14.855.000;R$ 0;R$ 656.310.000;;;
1891441000193;DORJ_2019_4_10_554794_2018.pdf;10-abr-19;31-dez-18;R$ 2.484.000.000;R$ 676.000.000;R$ 1.808.000.000;R$ 2.484.000.000;R$ 673.000.000;R$ 1.296.000.000;R$ 515.000.000;R$ 1.553.000.000;R$ 1.167.000.000;
1891441000193;DORJ_2016_4_15_500006_2015.pdf;15-abr-16;31-dez-15;R$ 2.960.000.000;R$ 743.000.000;R$ 2.217.000.000;R$ 2.960.000.000;R$ 551.000.000;R$ 1.973.000.000;R$ 436.000.000;R$ 1.472.000.000;R$ 1.165.000.000;
1891441000193;DORJ_2015_4_24_503088_2014.pdf;24-abr-15;31-dez-14;R$ 2.616.000.000;R$ 296.000.000;R$ 2.320.000.000;R$ 2.616.000.000;R$ 447.000.000;R$ 1.567.000.000;R$ 602.000.000;R$ 1.040.000.000;R$ 747.000.000;
1891441000193;DORJ_2020_4_13_567016_2019.pdf;13-abr-20;31-dez-19;R$ 2.470.000.000;R$ 726.000.000;R$ 1.744.000.000;R$ 2.470.000.000;R$ 538.000.000;R$ 1.366.000.000;R$ 566.000.000;R$ 1.680.000.000;R$ 1.262.000.000;
1891441000193;DORJ_2017_4_11_527363_2016.pdf;11-abr-17;31-dez-16;R$ 3.171.000.000;R$ 1.073.000.000;R$ 2.098.000.000;R$ 3.171.000.000;R$ 1.284.000.000;R$ 1.228.000.000;R$ 659.000.000;R$ 1.476.000.000;R$ 1.148.000.000;
1891441000193;DORJ_2015_4_24_503088_2014.pdf;24-abr-15;31-dez-13;R$ 2.791.000.000;R$ 360.000.000;R$ 2.431.000.000;R$ 2.791.000.000;R$ 629.000.000;R$ 1.448.000.000;R$ 714.000.000;R$ 959.000.000;R$ 683.000.000;
1891441000193;DORJ_2018_4_16_541165_2017.pdf;16-abr-18;31-dez-17;R$ 2.440.000.000;R$ 463.000.000;R$ 1.977.000.000;R$ 2.440.000.000;R$ 821.000.000;R$ 1.107.000.000;R$ 512.000.000;R$ 1.332.000.000;R$ 973.000.000;
1929665000147;DOMG2_2018_4_10_543664_2017.pdf;10-abr-18;31-dez-17;R$ 89.729.345;R$ 47.823.238;R$ 41.906.107;R$ 89.729.345;R$ 38.040.054;R$ 2.757.905;R$ 48.931.386;R$ 272.996.176;R$ 27.672.700;
1929665000147;DOMG2_2016_3_31_476767_2015.pdf;31-mar-16;31-dez-15;R$ 101.946.298;R$ 53.101.355;R$ 48.844.943;R$ 101.946.298;R$ 42.939.037;R$ 1.947.097;R$ 57.060.164;R$ 318.273.709;R$ 34.473.780;
1929665000147;DOMG2_2019_3_28_552606_2018.pdf;28-mar-19;31-dez-18;R$ 118.125.859;R$ 56.179.043;R$ 61.946.816;R$ 118.125.859;R$ 54.184.453;R$ 15.992.902;R$ 47.948.504;R$ 341.921.815;R$ 32.523.812;
1929665000147;DOMG2_2017_4_11_527137_2016.pdf;11-abr-17;31-dez-16;R$ 88.241.722;R$ 44.997.351;R$ 43.244.371;R$ 88.241.722;R$ 34.500.603;R$ 2.778.996;R$ 50.962.123;R$ 282.240.518;R$ 33.522.355;
1929665000147;DOMG2_2016_3_31_476767_2015.pdf;31-mar-16;31-dez-14;R$ 106.663.093;R$ 59.382.401;R$ 47.280.692;R$ 106.663.093;R$ 45.436.852;R$ 2.631.226;R$ 58.595.015;R$ 351.622.101;R$ 41.004.392;
1933349000149;DOBA_2015_4_14_480625_2014.pdf;14-abr-15;31-dez-14;R$ 233.208.000;R$ 181.240.000;R$ 51.968.000;R$ 233.208.000;R$ 113.290.000;R$ 21.961.000;R$ 97.957.000;R$ 239.140.000;R$ 29.135.000;
1933349000149;DOBA_2016_4_9_507570_2015.pdf;09-abr-16;31-dez-15;R$ 188.486.000;R$ 128.242.000;R$ 60.244.000;R$ 188.486.000;R$ 104.201.000;R$ 23.384.000;R$ 60.901.000;R$ 193.476.000;R$ 17.596.000;
1933349000149;DOBA_2017_4_20_527968_2016.pdf;20-abr-17;31-dez-16;R$ 174.376.000;R$ 112.634.000;R$ 61.742.000;R$ 174.376.000;R$ 109.821.000;R$ 22.476.000;R$ 42.079.000;R$ 206.660.000;R$ 25.275.000;
1933349000149;DOBA_2015_4_14_480625_2014.pdf;14-abr-15;31-dez-13;R$ 260.192.000;R$ 203.805.000;R$ 56.387.000;R$ 260.192.000;R$ 101.423.000;R$ 26.899.000;R$ 131.870.000;R$ 246.332.000;R$ 61.001.000;
1937635000182;DOSP_2020_4_15_567741_2019.pdf;15-abr-20;31-dez-19;R$ 1.626.766.000;R$ 789.505.000;R$ 837.261.000;R$ 1.626.766.000;R$ 613.871.000;R$ 439.976.000;R$ 572.919.000;R$ 3.108.777.000;R$ 561.545.000;
1937635000182;DOSP_2019_3_29_552295_2018.pdf;29-mar-19;31-dez-18;R$ 1.027.296.000;R$ 630.480.000;R$ 396.816.000;R$ 1.027.296.000;R$ 514.427.000;R$ 68.740.000;R$ 444.129.000;R$ 2.948.609.000;R$ 550.212.000;
1937635000182;DOSP_2018_3_28_537842_2017.pdf;28-mar-18;31-dez-17;R$ 943.503.000;R$ 554.152.000;R$ 389.351.000;R$ 943.503.000;R$ 459.582.000;R$ 73.064.000;R$ 410.857.000;R$ 2.956.253.000;R$ 538.881.000;
1937635000182;DOSP_2015_3_31_501501_2014.pdf;31-mar-15;31-dez-14;R$ 789.028.000;R$ 395.829.000;R$ 393.199.000;R$ 789.028.000;R$ 503.197.000;R$ 163.246.000;R$ 122.585.000;R$ 2.671.127.000;R$ 514.498.000;
1937635000182;DOSP_2017_3_30_526479_2016.pdf;30-mar-17;31-dez-16;R$ 813.943.000;R$ 417.992.000;R$ 395.951.000;R$ 813.943.000;R$ 553.184.000;R$ 82.410.000;R$ 178.349.000;R$ 2.977.021.000;R$ 574.292.000;
1937635000182;DOSP_2016_3_31_481915_2015.pdf;31-mar-16;31-dez-15;R$ 762.810.000;R$ 382.966.000;R$ 379.844.000;R$ 762.810.000;R$ 479.798.000;R$ 65.488.000;R$ 217.524.000;R$ 2.814.106.000;R$ 548.772.000;
1939979000120;DOSP_2015_4_23_511647_2014.pdf;23-abr-15;31-dez-13;R$ 435.223.000;R$ 365.840.000;R$ 69.383.000;R$ 435.223.000;R$ 235.575.000;R$ 22.782.000;R$ 176.866.000;R$ 274.304.000;R$ 60.080.000;
1939979000120;DOSP_2017_4_26_529029_2016.pdf;26-abr-17;31-dez-16;R$ 289.753.000;R$ 237.070.000;R$ 52.683.000;R$ 289.753.000;R$ 121.786.000;R$ 1.422.000;R$ 166.545.000;R$ 192.051.000;R$ 31.381.000;
1939979000120;DOSP_2015_4_23_511647_2014.pdf;23-abr-15;31-dez-14;R$ 405.599.000;R$ 340.785.000;R$ 64.814.000;R$ 405.599.000;R$ 218.598.000;R$ 18.999.000;R$ 168.002.000;R$ 298.412.000;R$ 49.727.000;
1939979000120;DOSP_2019_4_18_555894_2018.pdf;18-abr-19;31-dez-18;R$ 215.131.000;R$ 150.536.000;R$ 64.595.000;R$ 215.131.000;R$ 65.962.000;R$ 407.000;R$ 148.762.000;R$ 183.686.000;R$ 26.709.000;
1939979000120;DOSP_2016_4_15_499250_2015.pdf;15-abr-16;31-dez-15;R$ 324.996.000;R$ 266.817.000;R$ 58.179.000;R$ 324.996.000;R$ 150.193.000;R$ 4.371.000;R$ 170.432.000;R$ 288.034.000;R$ 48.745.000;
1939979000120;DOSP_2019_4_18_555894_2018.pdf;18-abr-19;31-dez-17;R$ 228.580.000;R$ 168.746.000;R$ 59.834.000;R$ 228.580.000;R$ 75.770.000;R$ 530.000;R$ 152.280.000;R$ 196.222.000;R$ 24.520.000;
1944031000163;DOBA_2015_3_26_479479_2014.pdf;26-mar-15;31-dez-13;R$ 240.354.000;R$ 15.077.000;R$ 225.277.000;R$ 240.354.000;R$ 9.860.000;R$ 177.226.000;R$ 53.268.000;R$ 61.103.000;R$ 20.144.000;
1944031000163;DOBA_2016_4_6_465426_2015.pdf;06-abr-16;31-dez-15;R$ 277.708.000;R$ 21.745.000;R$ 255.963.000;R$ 277.708.000;R$ 9.378.000;R$ 219.811.000;R$ 48.519.000;R$ 110.583.000;R$ 56.333.000;
1944031000163;DOBA_2015_3_26_479479_2014.pdf;26-mar-15;31-dez-14;R$ 248.909.000;R$ 16.152.000;R$ 232.757.000;R$ 248.909.000;R$ 9.038.000;R$ 187.896.000;R$ 51.975.000;R$ 96.112.000;R$ 45.068.000;
1944031000163;DOBA_2019_3_15_551025_2018.pdf;15-mar-19;31-dez-18;R$ 321.990.000;R$ 57.980.000;R$ 264.010.000;R$ 321.990.000;R$ 32.832.000;R$ 200.601.000;R$ 88.557.000;R$ 125.985.000;R$ 57.225.000;
1944031000163;DOBA_2017_7_21_533311_2016.pdf;21-jul-17;31-dez-16;R$ 297.345.000;R$ 25.959.000;R$ 271.386.000;R$ 297.345.000;R$ 17.441.000;R$ 222.536.000;R$ 57.368.000;R$ 123.227.000;R$ 62.926.000;
1944031000163;DOBA_2018_3_20_540685_2017.pdf;20-mar-18;31-dez-17;R$ 314.108.000;R$ 36.898.000;R$ 277.210.000;R$ 314.108.000;R$ 32.876.000;R$ 209.867.000;R$ 71.365.000;R$ 124.765.000;R$ 57.388.000;
1944031000163;DOBA_2020_3_24_565555_2019.pdf;24-mar-20;31-dez-19;R$ 330.549.000;R$ 80.643.000;R$ 249.906.000;R$ 330.549.000;R$ 53.744.000;R$ 174.015.000;R$ 102.790.000;R$ 134.399.000;R$ 61.571.000;
1959772000118;DOPR_2018_4_23_539792_2017.pdf;23-abr-18;31-dez-17;R$ 444.517.000;R$ 48.922.000;R$ 395.595.000;R$ 444.517.000;R$ 27.187.000;R$ 381.344.000;R$ 35.986.000;R$ 99.683.000;R$ 89.063.000;
1959772000118;DOPR_2015_6_2_394068_2014.pdf;02-jun-15;31-dez-14;R$ 759.305.000;R$ 86.587.000;R$ 672.718.000;R$ 759.305.000;R$ 13.582.000;R$ 346.664.000;R$ 399.059.000;R$ 132.185.000;R$ 126.562.000;
1959772000118;DOPR_2017_4_4_526568_2016.pdf;04-abr-17;31-dez-16;R$ 405.264.000;R$ 31.832.000;R$ 373.432.000;R$ 405.264.000;R$ 8.054.000;R$ 385.400.000;R$ 11.810.000;R$ 88.778.000;R$ 83.407.000;
1959772000118;DOPR_2016_7_4_513466_2015.pdf;04-jul-16;31-dez-15;R$ 790.700.000;R$ 78.982.000;R$ 711.718.000;R$ 790.700.000;R$ 17.363.000;R$ 380.188.000;R$ 393.149.000;R$ 117.097.000;R$ 108.694.000;
1959772000118;DOPR_2019_7_2_561577_2018.pdf;02-jul-19;31-dez-18;R$ 203.023.000;R$ 65.652.000;R$ 137.371.000;R$ 203.023.000;R$ 25.455.000;R$ 195.108.000;R$ -17.540.000;R$ 134.094.000;R$ 127.999.000;
1959772000118;DOPR_2015_6_2_394068_2014.pdf;02-jun-15;31-dez-13;R$ 421.766.000;R$ 71.825.000;R$ 349.941.000;R$ 421.766.000;R$ 15.296.000;R$ 598.487.000;R$ -192.017.000;R$ 86.139.000;R$ 82.847.000;
1968283000122;DOPR_2015_3_26_479703_2014.pdf;26-mar-15;31-dez-14;R$ 47.641.532,56;R$ 43.741.263,63;R$ 3.900.268,93;R$ 47.641.532,56;R$ 30.152.888,39;R$ 0;R$ 17.488.644,17;R$ 131.741.437,15;R$ 8.301.902,31;
1968283000122;DOPR_2019_4_25_556989_2018.pdf;25-abr-19;31-dez-18;R$ 168.717.624,57;R$ 163.278.227,6;R$ 5.439.396,97;R$ 168.717.624,57;R$ 115.967.334,31;R$ 0;R$ 52.750.290,26;R$ 490.888.495,46;R$ 27.766.744,68;
1968283000122;DOPR_2016_3_16_456154_2015.pdf;16-mar-16;31-dez-15;R$ 69.934.206,29;R$ 66.126.475,18;R$ 3.807.731,11;R$ 69.934.206,29;R$ 45.886.797,16;R$ 0;R$ 24.047.409,13;R$ 224.964.996,11;R$ 14.318.640,95;
1968283000122;DOPR_2017_4_17_527462_2016.pdf;17-abr-17;31-dez-16;R$ 85.121.395,01;R$ 81.261.055,73;R$ 3.860.339,28;R$ 85.121.395,01;R$ 52.265.714,97;R$ 0;R$ 32.855.680,04;R$ 271.509.526,6;R$ 20.513.157,01;
1968283000122;DOPR_2018_6_15_544718_2017.pdf;15-jun-18;31-dez-17;R$ 103.524.637,79;R$ 97.638.778,88;R$ 5.885.858,91;R$ 103.524.637,79;R$ 64.455.103,42;R$ 0;R$ 39.069.534,37;R$ 326.963.116,04;R$ 14.639.733,61;
1973495000106;DOES_2019_3_26_552882_2018.pdf;26-mar-19;31-dez-18;R$ 69.078.302;R$ 24.907.741;R$ 44.170.561;R$ 69.078.302;R$ 24.107.412;R$ 1.746.297;R$ 43.224.593;R$ 178.121.808;R$ 13.970.011;
1973495000106;DOES_2016_3_31_520653_2015.pdf;31-mar-16;31-dez-15;R$ 80.453.672;R$ 27.455.451;R$ 52.998.221;R$ 80.453.672;R$ 21.506.830;R$ 7.900.702;R$ 51.046.140;R$ 202.508.157;R$ 16.084.362;
1976365000119;DOPR_2015_9_1_313615_2014.pdf;01-set-15;31-dez-14;R$ 158.118.000;R$ 55.829.000;R$ 102.289.000;R$ 158.118.000;R$ 58.127.000;R$ 131.814.000;R$ -31.823.000;R$ 206.124.000;R$ -11.518.000;
1976365000119;DOPR_2020_3_6_564624_2019.pdf;06-mar-20;31-dez-19;R$ 60.885.000;R$ 32.439.000;R$ 28.446.000;R$ 60.885.000;R$ 29.143.000;R$ 28.359.000;R$ 3.383.000;R$ 14.420.000;R$ 2.518.000;
1983074000158;DOMG2_2016_4_6_477474_2015.pdf;06-abr-16;31-dez-15;R$ 29.310.000;R$ 28.066.000;R$ 1.244.000;R$ 29.310.000;R$ 16.382.000;R$ 116.000;R$ 12.812.000;R$ 95.094.000;R$ 7.669.000;
1983074000158;DOMG2_2017_4_6_526777_2016.pdf;06-abr-17;31-dez-16;R$ 29.600.000;R$ 28.876.000;R$ 724.000;R$ 29.600.000;R$ 11.403.000;R$ 711.000;R$ 17.486.000;R$ 64.562.000;R$ 10.069.000;
1983074000158;DOMG2_2015_4_8_479610_2014.pdf;08-abr-15;31-dez-14;R$ 36.319.000;R$ 35.657.000;R$ 662.000;R$ 36.319.000;R$ 28.366.000;R$ 70.000;R$ 7.883.000;R$ 56.793.000;R$ 5.293.000;
1983074000158;DOMG2_2019_4_13_555240_2018.pdf;13-abr-19;31-dez-17;R$ 26.575.000;R$ 25.749.000;R$ 826.000;R$ 26.575.000;R$ 7.461.000;R$ 105.000;R$ 19.009.000;R$ 74.428.000;R$ 5.720.000;
1983074000158;DOMG2_2019_4_13_555240_2018.pdf;13-abr-19;31-dez-18;R$ 28.202.000;R$ 27.824.000;R$ 378.000;R$ 28.202.000;R$ 9.404.000;R$ 285.000;R$ 18.513.000;R$ 78.031.000;R$ 3.113.000;
1983856000197;DORJ_2019_3_21_552549_2018.pdf;21-mar-19;31-dez-18;R$ 779.269.000;R$ 167.348.000;R$ 611.921.000;R$ 779.269.000;R$ 88.241.000;R$ 175.989.000;R$ 515.039.000;R$ 310.381.000;R$ 209.734.000;
1983856000197;DORJ_2018_4_11_543636_2017.pdf;11-abr-18;31-dez-17;R$ 814.825.000;R$ 105.427.000;R$ 709.398.000;R$ 814.825.000;R$ 46.410.000;R$ 279.225.000;R$ 489.190.000;R$ 292.274.000;R$ 206.089.000;
1983856000197;DORJ_2017_4_7_526880_2016.pdf;07-abr-17;31-dez-16;R$ 882.676.000;R$ 112.774.000;R$ 769.902.000;R$ 882.676.000;R$ 229.735.000;R$ 202.505.000;R$ 450.436.000;R$ 279.223.000;R$ 189.324.000;
1983856000197;DORJ_2015_4_27_517132_2014.pdf;27-abr-15;31-dez-14;R$ 1.050.212.000;R$ 113.320.000;R$ 936.892.000;R$ 1.050.212.000;R$ 385.769.000;R$ 173.093.000;R$ 491.350.000;R$ 290.810.000;R$ 196.885.000;
1983856000197;DORJ_2020_3_30_566096_2019.pdf;30-mar-20;31-dez-19;R$ 588.352.000;R$ 104.614.000;R$ 483.738.000;R$ 588.352.000;R$ 62.470.000;R$ 178.890.000;R$ 346.992.000;R$ 285.517.000;R$ 197.667.000;
1983856000197;DORJ_2016_4_27_498800_2015.pdf;27-abr-16;31-dez-15;R$ 960.459.000;R$ 97.042.000;R$ 863.417.000;R$ 960.459.000;R$ 364.878.000;R$ 234.525.000;R$ 361.056.000;R$ 298.725.000;R$ 199.085.000;
1987230000159;DOSP_2017_10_31_535242_2016.pdf;31-out-17;31-dez-16;R$ 1.912.118.000;R$ 87.151.000;R$ 1.824.967.000;R$ 1.912.118.000;R$ 212.236.000;R$ 1.033.189.000;R$ 666.693.000;R$ 195.781.000;R$ 152.786.000;
1987230000159;DOSP_2015_5_30_508066_2014.pdf;30-mai-15;31-dez-14;R$ 1.648.698.000;R$ 102.017.000;R$ 1.546.681.000;R$ 1.648.698.000;R$ 217.557.000;R$ 878.997.000;R$ 552.144.000;R$ 196.787.000;R$ 163.721.000;
1987230000159;DOSP_2016_9_30_516314_2015.pdf;30-set-16;31-dez-15;R$ 1.848.941.000;R$ 83.877.000;R$ 1.765.064.000;R$ 1.848.941.000;R$ 227.591.000;R$ 994.701.000;R$ 626.649.000;R$ 199.502.000;R$ 164.204.000;
1987230000159;DOSP_2019_6_29_561458_2018.pdf;29-jun-19;31-dez-18;R$ 3.791.283.000;R$ 77.355.000;R$ 3.713.928.000;R$ 3.791.283.000;R$ 124.584.000;R$ 1.719.777.000;R$ 1.946.922.000;R$ 196.376.000;R$ 150.196.000;
1987230000159;DOSP_2015_5_30_508066_2014.pdf;30-mai-15;31-dez-13;R$ 1.511.383.000;R$ 79.356.000;R$ 1.432.027.000;R$ 1.511.383.000;R$ 184.493.000;R$ 833.625.000;R$ 493.265.000;R$ 182.867.000;;
1987230000159;DOSP_2019_6_29_561458_2018.pdf;29-jun-19;31-dez-17;R$ 3.713.793.000;R$ 79.235.000;R$ 3.634.558.000;R$ 3.713.793.000;R$ 204.906.000;R$ 1.633.831.000;R$ 1.875.056.000;R$ 204.920.000;R$ 156.877.000;
2013199000118;DORJ_2017_3_24_524251_2016.pdf;24-mar-17;31-dez-16;R$ 120.339.000;R$ 37.204.000;R$ 83.135.000;R$ 120.339.000;R$ 20.895.000;R$ 53.016.000;R$ 46.428.000;R$ 81.682.000;R$ 43.216.000;
2013199000118;DORJ_2016_3_29_480871_2015.pdf;29-mar-16;31-dez-15;R$ 105.832.000;R$ 29.905.000;R$ 75.927.000;R$ 105.832.000;R$ 17.838.000;R$ 49.303.000;R$ 38.691.000;R$ 75.801.000;R$ 36.347.000;
2013199000118;DORJ_2019_3_26_552123_2018.pdf;26-mar-19;31-dez-18;R$ 147.924.000;R$ 46.827.000;R$ 101.097.000;R$ 147.924.000;R$ 36.470.000;R$ 52.051.000;R$ 59.403.000;R$ 97.573.000;R$ 54.300.000;
2013199000118;DORJ_2019_3_26_552123_2018.pdf;26-mar-19;31-dez-17;R$ 136.331.000;R$ 46.245.000;R$ 90.086.000;R$ 136.331.000;R$ 23.358.000;R$ 54.100.000;R$ 58.873.000;R$ 92.065.000;R$ 53.795.000;
2013199000118;DORJ_2020_3_27_566342_2019.pdf;27-mar-20;31-dez-19;R$ 173.557.000;R$ 42.118.000;R$ 131.439.000;R$ 173.557.000;R$ 40.516.000;R$ 61.943.000;R$ 71.098.000;R$ 121.499.000;R$ 53.244.000;
2013199000118;DORJ_2015_3_31_481690_2014.pdf;31-mar-15;31-dez-14;R$ 89.526.000;R$ 23.371.000;R$ 66.155.000;R$ 89.526.000;R$ 15.243.000;R$ 41.213.000;R$ 33.070.000;R$ 67.855.000;R$ 36.416.000;
2015014000104;DOSP_2018_6_21_545033_2017.pdf;21-jun-18;31-dez-17;R$ 215.069.000;R$ 106.586.000;R$ 108.483.000;R$ 215.069.000;R$ 62.198.000;R$ 2.546.000;R$ 150.325.000;R$ 57.655.000;R$ 42.435.000;
2015014000104;DOSP_2019_7_11_561808_2018.pdf;11-jul-19;31-dez-18;R$ 238.079.000;R$ 113.406.000;R$ 124.673.000;R$ 238.079.000;R$ 66.715.000;R$ 2.129.000;R$ 169.235.000;R$ 54.966.000;R$ 42.247.000;
2015014000104;DOSP_2016_4_30_512554_2015.pdf;30-abr-16;31-dez-15;R$ 176.126.000;R$ 83.847.000;R$ 92.279.000;R$ 176.126.000;R$ 46.879.000;R$ 1.771.000;R$ 127.476.000;R$ 69.990.000;R$ 54.366.000;
2015014000104;DOSP_2017_4_28_529972_2016.pdf;28-abr-17;31-dez-16;R$ 195.127.000;R$ 91.549.000;R$ 103.578.000;R$ 195.127.000;R$ 55.193.000;R$ 2.857.000;R$ 137.077.000;R$ 58.627.000;R$ 40.422.000;
2015014000104;DOSP_2015_4_29_502551_2014.pdf;29-abr-15;31-dez-14;R$ 146.669.000;R$ 63.862.000;R$ 82.807.000;R$ 146.669.000;R$ 36.133.000;R$ 1.718.000;R$ 108.818.000;R$ 66.398.000;R$ 51.904.000;
2016507000169;DORS_2016_4_15_499535_2015.pdf;15-abr-16;31-dez-15;R$ 1.786.618.000;R$ 171.081.000;R$ 1.615.537.000;R$ 1.786.618.000;R$ 770.999.000;R$ 2.226.247.000;R$ -1.210.628.000;R$ 374.637.000;R$ -212.937.000;
2016507000169;DORS_2015_4_17_534822_2014.pdf;17-abr-15;31-dez-14;R$ 1.959.506.000;R$ 244.983.000;R$ 1.714.523.000;R$ 1.959.506.000;R$ 637.265.000;R$ 1.875.293.000;R$ -553.052.000;R$ 474.154.000;R$ -301.167.000;
2016507000169;DORS_2018_4_16_547242_2017.pdf;16-abr-18;31-dez-17;R$ 1.174.386.000;R$ 198.374.000;R$ 976.012.000;R$ 1.174.386.000;R$ 1.766.559.000;R$ 2.931.308.000;R$ -3.523.481.000;R$ 519.045.000;R$ -296.670.000;
2016507000169;DORS_2017_4_13_527254_2016.pdf;13-abr-17;31-dez-16;R$ 1.570.898.000;R$ 228.851.000;R$ 1.342.047.000;R$ 1.570.898.000;R$ 1.028.833.000;R$ 2.895.186.000;R$ -2.353.121.000;R$ 634.350.000;R$ -409.497.000;
2016507000169;DORS_2020_4_22_567945_2019.pdf;22-abr-20;31-dez-19;R$ 1.767.771.000;R$ 292.959.000;R$ 1.474.812.000;R$ 1.767.771.000;R$ 623.201.000;R$ 802.031.000;R$ 342.539.000;R$ 482.967.000;R$ 221.975.000;
2016507000169;DORS_2020_4_22_567945_2019.pdf;22-abr-20;31-dez-18;R$ 1.576.307.000;R$ 205.194.000;R$ 1.371.113.000;R$ 1.576.307.000;R$ 2.054.456.000;R$ 3.068.066.000;R$ -3.546.215.000;R$ 451.212.000;R$ 77.657.000;
2036823000100;DOBA_2019_3_23_551763_2018.pdf;23-mar-19;31-dez-18;R$ 102.380.000;R$ 52.695.000;R$ 49.685.000;R$ 102.380.000;R$ 7.664.000;R$ 482.000;R$ 94.234.000;R$ 61.639.000;R$ 12.475.000;
2036823000100;DOBA_2015_3_31_516827_2014.pdf;31-mar-15;31-dez-14;R$ 84.089.000;R$ 45.223.000;R$ 38.866.000;R$ 84.089.000;R$ 7.528.000;R$ 296.000;R$ 76.265.000;R$ 57.598.000;R$ 11.010.000;
2036823000100;DOBA_2019_3_23_551763_2018.pdf;23-mar-19;31-dez-17;R$ 102.001.000;R$ 60.972.000;R$ 41.029.000;R$ 102.001.000;R$ 8.741.000;R$ 118.000;R$ 93.142.000;R$ 68.328.000;R$ 15.279.000;
2036823000100;DOBA_2016_4_12_469694_2015.pdf;12-abr-16;31-dez-15;R$ 93.655.000;R$ 52.830.000;R$ 40.825.000;R$ 93.655.000;R$ 9.771.000;R$ 503.000;R$ 83.381.000;R$ 70.037.000;R$ 14.121.000;
2036823000100;DOBA_2017_3_28_524469_2016.pdf;28-mar-17;31-dez-16;R$ 104.053.000;R$ 60.193.000;R$ 43.860.000;R$ 104.053.000;R$ 18.018.000;R$ 503.000;R$ 85.532.000;R$ 78.769.000;R$ 17.277.000;
2036823000100;DOBA_2015_3_31_516827_2014.pdf;31-mar-15;31-dez-13;R$ 78.706.000;R$ 39.980.000;R$ 38.726.000;R$ 78.706.000;R$ 7.317.000;R$ 196.000;R$ 71.193.000;R$ 58.648.000;R$ 9.704.000;
2038394000100;DOSP_2015_4_28_510180_2014.pdf;28-abr-15;31-dez-14;R$ 524.918.000;R$ 321.859.000;R$ 203.059.000;R$ 524.918.000;R$ 28.697.000;R$ 156.476.000;R$ 339.745.000;R$ 151.578.000;;
2038394000100;DOSP_2015_4_28_510180_2014.pdf;28-abr-15;31-dez-13;R$ 580.588.000;R$ 396.819.000;R$ 183.769.000;R$ 580.588.000;R$ 58.920.000;R$ 155.218.000;R$ 366.450.000;R$ 373.438.000;;
2041460000193;DOSP_2017_3_31_525389_2016.pdf;31-mar-17;31-dez-16;R$ 592.533.000;R$ 350.100.000;R$ 242.433.000;R$ 592.533.000;R$ 300.034.000;R$ 15.708.000;R$ 276.791.000;R$ 181.897.000;R$ 82.276.000;
2041460000193;DOSP_2015_4_30_499389_2014.pdf;30-abr-15;31-dez-14;R$ 692.167.000;R$ 491.821.000;R$ 200.346.000;R$ 692.167.000;R$ 153.578.000;R$ 17.938.000;R$ 520.651.000;R$ 244.246.000;R$ 136.718.000;
2041460000193;DOSP_2018_7_6_545887_2017.pdf;06-jul-18;31-dez-17;R$ 629.693.000;R$ 388.065.000;R$ 241.628.000;R$ 629.693.000;R$ 355.737.000;R$ 12.904.000;R$ 261.052.000;R$ 159.343.000;R$ 63.922.000;
2041460000193;DOSP_2019_4_30_558144_2018.pdf;30-abr-19;31-dez-18;R$ 535.244.000;R$ 363.741.000;R$ 171.503.000;R$ 535.244.000;R$ 150.420.000;R$ 142.306.000;R$ 242.518.000;R$ 141.523.000;R$ 49.656.000;
2041460000193;DOSP_2016_5_10_509954_2015.pdf;10-mai-16;31-dez-15;R$ 672.848.000;R$ 481.032.000;R$ 191.816.000;R$ 672.848.000;R$ 157.193.000;R$ 16.249.000;R$ 499.406.000;R$ 186.837.000;R$ 82.117.000;
2045487000154;DOSC_2017_2_24_522707_2016.pdf;24-fev-17;31-dez-16;R$ 695.448.000;R$ 276.831.000;R$ 418.617.000;R$ 695.448.000;R$ 193.630.000;R$ 167.081.000;R$ 334.737.000;R$ 350.070.000;R$ 136.390.000;
2045487000154;DOSC_2016_3_4_460932_2015.pdf;04-mar-16;31-dez-15;R$ 769.780.000;R$ 366.444.000;R$ 403.336.000;R$ 769.780.000;R$ 274.057.000;R$ 169.355.000;R$ 326.368.000;R$ 429.472.000;R$ 164.190.000;
2045487000154;DOSC_2018_3_16_539401_2017.pdf;16-mar-18;31-dez-17;R$ 726.335.000;R$ 291.967.000;R$ 434.368.000;R$ 726.335.000;R$ 173.842.000;R$ 217.969.000;R$ 334.524.000;R$ 341.344.000;R$ 122.314.000;
2046455000173;DOPE_2020_4_10_567397_2019.pdf;10-abr-20;31-dez-19;R$ 145.058.000;R$ 56.983.000;R$ 88.075.000;R$ 145.058.000;R$ 34.996.000;R$ 14.817.000;R$ 95.245.000;R$ 366.685.000;R$ 103.444.000;
2046455000173;DOPE_2016_10_7_517088_2015.pdf;07-out-16;31-dez-15;R$ 111.687.000;R$ 51.397.000;R$ 60.290.000;R$ 111.687.000;R$ 24.891.000;R$ 10.008.000;R$ 76.788.000;R$ 199.966.000;R$ 68.630.000;
2046455000173;DOPE_2019_7_4_561641_2018.pdf;04-jul-19;31-dez-18;R$ 136.552.000;R$ 54.111.000;R$ 82.441.000;R$ 136.552.000;R$ 32.364.000;R$ 18.225.000;R$ 85.963.000;R$ 327.675.000;R$ 87.138.000;
2046455000173;DOPE_2018_9_13_548441_2017.pdf;13-set-18;31-dez-17;R$ 128.583.000;R$ 47.735.000;R$ 80.848.000;R$ 128.583.000;R$ 28.795.000;R$ 11.790.000;R$ 87.998.000;R$ 261.121.000;R$ 75.376.000;
2046455000173;DOPE_2017_12_5_535392_2016.pdf;05-dez-17;31-dez-16;R$ 113.446.000;R$ 41.698.000;R$ 71.748.000;R$ 113.446.000;R$ 19.077.000;R$ 6.115.000;R$ 88.254.000;R$ 223.783.000;R$ 70.364.000;
2046455000173;DOPE_2015_7_2_517114_2014.pdf;02-jul-15;31-dez-14;R$ 88.413.000;R$ 29.164.000;R$ 59.249.000;R$ 88.413.000;R$ 9.779.000;R$ 11.841.000;R$ 66.793.000;R$ 195.501.000;R$ 62.452.000;
2053186000172;DOSP_2016_10_1_522106_2015.pdf;01-out-16;31-dez-15;R$ 4.322.534.000;R$ 293.997.000;R$ 4.028.537.000;R$ 4.322.534.000;R$ 735.547.000;R$ 2.473.856.000;R$ 1.113.131.000;R$ 459.893.000;R$ 11.319.000;
2053186000172;DOSP_2017_9_22_534970_2016.pdf;22-set-17;31-dez-16;R$ 4.045.879.000;R$ 290.953.000;R$ 3.754.926.000;R$ 4.045.879.000;R$ 993.519.000;R$ 2.170.094.000;R$ 882.266.000;R$ 599.592.000;R$ 857.000;
2053186000172;DOSP_2015_6_12_513840_2014.pdf;12-jun-15;31-dez-14;R$ 3.649.838.000;R$ 394.792.000;R$ 3.255.046.000;R$ 3.649.838.000;R$ 406.422.000;R$ 2.155.671.000;R$ 1.087.745.000;R$ 210.004.000;R$ 77.121.000;
2068925000108;DOMG2_2017_3_28_524502_2016.pdf;28-mar-17;31-dez-16;R$ 77.057.049;R$ 33.347.389;R$ 43.709.660;R$ 77.057.049;R$ 11.140.316;R$ 4.849.696;R$ 61.067.037;R$ 65.630.079;R$ 3.908.141;
2068925000108;DOMG2_2016_4_26_478147_2015.pdf;26-abr-16;31-dez-15;R$ 83.465.360,4;R$ 52.585.150,74;R$ 30.880.209,66;R$ 83.465.360,4;R$ 10.773.558,78;R$ 6.690.872,58;R$ 66.000.929,04;R$ 81.591.671,98;R$ 2.313.636,57;
2068925000108;DOMG2_2015_3_25_467992_2014.pdf;25-mar-15;31-dez-14;R$ 68.979.964,19;R$ 41.575.444,04;R$ 27.404.520,15;R$ 68.979.964,19;R$ 25.449.467,42;R$ 4.113.602,09;R$ 39.416.894,68;R$ 120.429.462,44;R$ 9.688.432,27;
2068925000108;DOMG2_2018_4_21_543216_2017.pdf;21-abr-18;31-dez-17;R$ 87.354.716;R$ 37.511.233;R$ 49.843.483;R$ 87.354.716;R$ 27.261.840;R$ 3.317.083;R$ 56.775.793;R$ 76.544.088;R$ 5.029.192;
2068925000108;DOMG2_2019_3_8_552195_2018.pdf;08-mar-19;31-dez-18;R$ 115.085.780;R$ 60.431.562;R$ 54.654.218;R$ 115.085.780;R$ 55.892.155;R$ 2.455.342;R$ 56.738.283;R$ 142.929.642;R$ 10.650.195;
2091365000102;DORJ_2016_6_17_511318_2015.pdf;17-jun-16;31-dez-15;R$ 207.032.000;R$ 171.708.000;R$ 35.324.000;R$ 207.032.000;R$ 32.769.000;R$ 75.379.000;R$ 98.884.000;R$ 216.786.000;R$ 144.739.000;
2091365000102;DORJ_2015_6_11_393964_2014.pdf;11-jun-15;31-dez-14;R$ 198.310.000;R$ 161.825.000;R$ 36.485.000;R$ 198.310.000;R$ 38.561.000;R$ 81.837.000;R$ 77.912.000;R$ 218.631.000;R$ 142.198.000;
2091365000102;DORJ_2017_8_24_534212_2016.pdf;24-ago-17;31-dez-16;R$ 231.244.000;R$ 199.527.000;R$ 31.717.000;R$ 231.244.000;R$ 38.913.000;R$ 90.242.000;R$ 102.089.000;R$ 208.976.000;R$ 130.306.000;
2092233000197;DOSP_2016_4_16_500078_2015.pdf;16-abr-16;31-dez-15;R$ 35.699.000;R$ 19.679.000;R$ 16.020.000;R$ 35.699.000;R$ 23.145.000;R$ 5.774.000;R$ 6.780.000;R$ 69.597.000;R$ 42.950.000;
2092233000197;DOSP_2020_4_10_567564_2019.pdf;10-abr-20;31-dez-19;R$ 55.809.000;R$ 15.646.000;R$ 40.163.000;R$ 55.809.000;R$ 25.222.000;R$ 23.807.000;R$ 6.780.000;R$ 70.408.000;R$ 49.344.000;
2092233000197;DOSP_2018_5_11_541642_2017.pdf;11-mai-18;31-dez-17;R$ 25.243.000;R$ 12.900.000;R$ 12.343.000;R$ 25.243.000;R$ 13.972.000;R$ 4.491.000;R$ 6.780.000;R$ 56.565.000;R$ 34.868.000;
2092233000197;DOSP_2015_4_30_499379_2014.pdf;30-abr-15;31-dez-14;R$ 32.383.000;R$ 14.156.000;R$ 18.227.000;R$ 32.383.000;R$ 16.266.000;R$ 9.337.000;R$ 6.780.000;R$ 59.203.000;R$ 35.428.000;
2092233000197;DOSP_2017_4_20_528215_2016.pdf;20-abr-17;31-dez-16;R$ 26.973.000;R$ 11.205.000;R$ 15.768.000;R$ 26.973.000;R$ 16.097.000;R$ 4.096.000;R$ 6.780.000;R$ 56.003.000;R$ 33.428.000;
2092233000197;DOSP_2019_4_10_554436_2018.pdf;10-abr-19;31-dez-18;R$ 32.989.000;R$ 11.757.000;R$ 21.232.000;R$ 32.989.000;R$ 13.838.000;R$ 12.371.000;R$ 6.780.000;R$ 60.378.000;R$ 40.544.000;
2095850000146;DOSP_2015_4_28_499043_2014.pdf;28-abr-15;31-dez-14;R$ 83.865.777;R$ 79.429.607;R$ 4.436.170;R$ 83.865.777;R$ 35.911.086;R$ 15.076.970;R$ 32.877.721;R$ 70.885.110;R$ 23.860.419;
2095850000146;DOSP_2015_4_28_499043_2014.pdf;28-abr-15;31-dez-13;R$ 57.468.627;R$ 53.837.636;R$ 3.630.991;R$ 57.468.627;R$ 59.501.180;R$ 11.241.460;R$ -13.274.013;R$ 52.040.536;R$ 15.760.693;
2096806000150;DOPR_2018_4_23_539778_2017.pdf;23-abr-18;31-dez-17;R$ 6.201.000;R$ 5.528.000;R$ 673.000;R$ 6.201.000;R$ 88.000;R$ 2.076.000;R$ 4.037.000;;;
2096806000150;DOPR_2015_6_17_383181_2014.pdf;17-jun-15;31-dez-14;R$ 69.706.000;R$ 67.053.000;R$ 2.653.000;R$ 69.706.000;R$ 59.719.000;R$ 3.909.000;R$ 6.078.000;R$ 377.297.000;R$ 26.480.000;
2096806000150;DOPR_2020_4_23_568103_2019.pdf;23-abr-20;31-dez-19;R$ 1.937.000;R$ 1.283.000;R$ 654.000;R$ 1.937.000;R$ 38.000;R$ 893.000;R$ 1.006.000;;;
2096806000150;DOPR_2017_4_24_528520_2016.pdf;24-abr-17;31-dez-16;R$ 8.280.000;R$ 7.724.000;R$ 556.000;R$ 8.280.000;R$ 53.000;R$ 2.108.000;R$ 6.119.000;;;
2096806000150;DOPR_2019_4_4_554011_2018.pdf;04-abr-19;31-dez-18;R$ 3.917.000;R$ 3.302.000;R$ 615.000;R$ 3.917.000;R$ 431.000;R$ 775.000;R$ 2.711.000;;;
2096806000150;DOPR_2017_4_24_528520_2016.pdf;24-abr-17;31-dez-15;R$ 8.837.000;R$ 8.184.000;R$ 653.000;R$ 8.837.000;R$ 308.000;R$ 1.320.000;R$ 7.209.000;;;
2101894000131;DOSP_2016_5_6_513733_2015.pdf;06-mai-16;31-dez-15;R$ 177.413.000;R$ 150.987.000;R$ 26.426.000;R$ 177.413.000;R$ 140.546.000;R$ 12.826.000;R$ 24.041.000;R$ 482.862.000;R$ 82.504.000;
2101894000131;DOSP_2017_10_5_534956_2016.pdf;05-out-17;31-dez-16;R$ 157.115.000;R$ 118.352.000;R$ 38.763.000;R$ 157.115.000;R$ 90.873.000;R$ 42.860.000;R$ 23.382.000;R$ 382.567.000;R$ 67.218.000;
2101894000131;DOSP_2018_7_5_545921_2017.pdf;05-jul-18;31-dez-17;R$ 221.520.000;R$ 137.202.000;R$ 84.318.000;R$ 221.520.000;R$ 126.038.000;R$ 51.452.000;R$ 44.030.000;R$ 420.140.000;R$ 63.009.000;
2101894000131;DOSP_2019_6_20_561221_2018.pdf;20-jun-19;31-dez-18;R$ 218.696.000;R$ 120.499.000;R$ 98.197.000;R$ 218.696.000;R$ 108.804.000;R$ 64.567.000;R$ 45.325.000;R$ 380.613.000;R$ 51.381.000;
2101894000131;DOSP_2015_7_8_535794_2014.pdf;08-jul-15;31-dez-14;R$ 150.784.000;R$ 134.543.000;R$ 16.241.000;R$ 150.784.000;R$ 128.312.000;R$ 7.934.000;R$ 14.538.000;R$ 458.272.000;R$ 55.201.000;
2102498000129;DOSP_2016_2_26_493776_2015.pdf;26-fev-16;31-dez-15;R$ 2.933.260.000;R$ 1.931.452.000;R$ 1.001.808.000;R$ 2.933.260.000;R$ 2.101.508.000;R$ 360.530.000;R$ 471.222.000;R$ 889.975.000;;
2102498000129;DOSP_2020_2_28_565000_2019.pdf;28-fev-20;31-dez-19;R$ 2.858.474.000;R$ 1.324.160.000;R$ 1.534.314.000;R$ 2.858.474.000;R$ 1.444.916.000;R$ 616.392.000;R$ 797.166.000;R$ 970.241.000;R$ 502.618.000;
2102498000129;DOSP_2015_2_26_508645_2014.pdf;26-fev-15;31-dez-14;R$ 2.841.279.000;R$ 1.822.711.000;R$ 1.018.568.000;R$ 2.841.279.000;R$ 2.039.356.000;R$ 349.158.000;R$ 452.765.000;R$ 854.729.000;;
2102498000129;DOSP_2017_2_22_522399_2016.pdf;22-fev-17;31-dez-16;R$ 3.375.825.000;R$ 2.268.367.000;R$ 1.107.458.000;R$ 3.375.825.000;R$ 2.400.107.000;R$ 429.990.000;R$ 545.728.000;R$ 849.274.000;R$ 478.884.000;
2102498000129;DOSP_2018_2_27_536036_2017.pdf;27-fev-18;31-dez-17;R$ 3.751.902.000;R$ 2.483.066.000;R$ 1.268.836.000;R$ 3.751.902.000;R$ 2.686.943.000;R$ 471.912.000;R$ 593.047.000;R$ 901.763.000;R$ 526.879.000;
2102498000129;DOSP_2020_2_28_565000_2019.pdf;28-fev-20;31-dez-18;R$ 2.588.613.000;R$ 1.202.648.000;R$ 1.385.965.000;R$ 2.588.613.000;R$ 1.397.901.000;R$ 510.709.000;R$ 680.003.000;R$ 923.517.000;R$ 552.939.000;
2106664000165;DOGO_2016_3_31_480474_2015.pdf;31-mar-16;31-dez-15;R$ 49.591.206;R$ 37.104.903;R$ 12.486.303;R$ 49.591.206;R$ 40.615.296;R$ 1.235.128;R$ 7.740.782;R$ 145.354.556;R$ 39.273.993;
2106664000165;DOGO_2017_3_30_525120_2016.pdf;30-mar-17;31-dez-16;R$ 40.958.992;R$ 28.931.995;R$ 12.026.997;R$ 40.958.992;R$ 31.682.493;R$ 1.004.084;R$ 8.272.415;R$ 137.798.483;;
2106664000165;DOGO_2015_3_30_472515_2014.pdf;30-mar-15;31-dez-14;R$ 34.760.428;R$ 26.043.562;R$ 8.716.866;R$ 34.760.428;R$ 29.527.858;R$ 1.613.121;R$ 3.619.449;R$ 160.232.368;R$ 37.616.053;
2106664000165;DOGO_2018_3_14_537150_2017.pdf;14-mar-18;31-dez-17;R$ 42.952.330;R$ 31.265.292;R$ 11.687.038;R$ 42.952.330;R$ 32.687.206;R$ 1.538.401;R$ 8.726.723;R$ 159.424.683;;
2106664000165;DOGO_2019_3_29_552418_2018.pdf;29-mar-19;31-dez-18;R$ 101.261.817;R$ 88.611.988;R$ 12.649.829;R$ 101.261.817;R$ 90.811.676;R$ 2.254.918;R$ 8.195.223;R$ 179.842.877;;
2147467000194;DOPR_2016_4_1_480731_2015.pdf;01-abr-16;31-dez-15;R$ 1.123.180.000;R$ 391.501.000;R$ 731.679.000;R$ 1.123.180.000;R$ 639.243.000;R$ 79.161.000;R$ 404.776.000;R$ 776.380.000;R$ 253.296.000;
2147467000194;DOPR_2018_5_3_540599_2017.pdf;03-mai-18;31-dez-17;R$ 1.414.858.000;R$ 525.157.000;R$ 889.701.000;R$ 1.414.858.000;R$ 985.971.000;R$ 74.049.000;R$ 354.838.000;R$ 1.057.641.000;R$ 182.069.000;
2147467000194;DOPR_2015_4_13_484215_2014.pdf;13-abr-15;31-dez-14;R$ 1.199.162.000;R$ 518.448.000;R$ 680.714.000;R$ 1.199.162.000;R$ 475.779.000;R$ 246.844.000;R$ 476.539.000;R$ 995.959.000;R$ 289.016.000;
2147467000194;DOPR_2019_4_26_557852_2018.pdf;26-abr-19;31-dez-18;R$ 2.112.613.000;R$ 1.014.445.000;R$ 1.098.168.000;R$ 2.112.613.000;R$ 1.275.998.000;R$ 467.514.000;R$ 369.101.000;R$ 1.690.572.000;R$ 317.716.000;
2147467000194;DOPR_2017_4_27_529308_2016.pdf;27-abr-17;31-dez-16;R$ 1.329.823.000;R$ 487.988.000;R$ 841.835.000;R$ 1.329.823.000;R$ 635.092.000;R$ 305.693.000;R$ 389.038.000;R$ 803.839.000;R$ 138.190.000;
2150327000175;DORJ_2016_3_29_480833_2015.pdf;29-mar-16;31-dez-15;R$ 104.948.000;R$ 33.326.000;R$ 71.622.000;R$ 104.948.000;R$ 16.051.000;R$ 46.358.000;R$ 42.539.000;R$ 89.860.000;R$ 49.508.000;
2150327000175;DORJ_2020_3_26_566283_2019.pdf;26-mar-20;31-dez-19;R$ 172.513.000;R$ 66.445.000;R$ 106.068.000;R$ 172.513.000;R$ 28.854.000;R$ 54.739.000;R$ 88.920.000;R$ 125.260.000;R$ 76.615.000;
2150327000175;DORJ_2017_3_24_524283_2016.pdf;24-mar-17;31-dez-16;R$ 132.972.000;R$ 40.753.000;R$ 92.219.000;R$ 132.972.000;R$ 21.949.000;R$ 45.859.000;R$ 65.164.000;R$ 101.168.000;R$ 63.796.000;
2150327000175;DORJ_2019_3_28_553287_2018.pdf;28-mar-19;31-dez-18;R$ 156.904.000;R$ 56.951.000;R$ 99.953.000;R$ 156.904.000;R$ 32.518.000;R$ 48.421.000;R$ 75.965.000;R$ 111.143.000;R$ 65.633.000;